{
  "c50_acquisition": -0.706086611,
  "c50_transmission": 0.149281552,
  "c50_symptoms": -0.689398665,
  "c50_hospitalisation": -1.679572176,
  "c50_death": -1.639038292,
  "sd_log10_neut_titres": 0.4647092,
  "log10_mean_neut_AZ_dose_1": -1.706256904,
  "log10_mean_neut_AZ_dose_2": -1.119281376,
  "log10_mean_neut_Pfizer_dose_1": -1.295514756,
  "log10_mean_neut_Pfizer_dose_2": -0.597423606,
  "log10_mean_neut_Pfizer_dose_3": 0.002377039,
  "log10_mean_neut_infection": -0.878809706,
  "log_k": 0.808094354,
  "neut_decay": 0.007398085
}