{
  "c50_acquisition": -0.567888054,
  "c50_transmission": 0.077153705,
  "c50_symptoms": -0.619448181,
  "c50_hospitalisation": -1.376618708,
  "c50_death": -1.345026105,
  "log10_mean_neut_AZ_dose_1": -0.642536778,
  "log10_mean_neut_AZ_dose_2": -0.193159173,
  "log10_mean_neut_Pfizer_dose_1": -0.331614187,
  "log10_mean_neut_Pfizer_dose_2": 0.225736770,
  "log10_mean_neut_Pfizer_dose_3": 1.128683850,
  "log10_mean_neut_infection": 0.0,
  "log_k": 1.201998516,
  "neut_decay": 0.007274524
}