{
    "0-4": 0.11286318322761847,
    "5-11": 0.15145375912732087,
    "12-15": 0.08061617394425191,
    "16-19": 0.073175308135957,
    "20-24": 0.08754822568291307,
    "25-29": 0.08233912049000608,
    "30-34": 0.07406255765543635,
    "35-39": 0.06873301769957764,
    "40-44": 0.056922970315381516,
    "45-49": 0.050765638161541386,
    "50-54": 0.04535958325235984,
    "55-59": 0.03905700814009161,
    "60-64": 0.02931432557455449,
    "65-69": 0.02049363225211306,
    "70-74": 0.014183138776499345,
    "75-79": 0.008150450912645118,
    "80+": 0.00496190665173224
}