{
    "0-4": 0.057379273149117754,
    "5-11": 0.07950334085798788,
    "12-15": 0.04547889401142982,
    "16-19": 0.044715735914841,
    "20-24": 0.0635524647483522,
    "25-29": 0.06813496608682856,
    "30-34": 0.07390243295720395,
    "35-39": 0.07281317090092482,
    "40-44": 0.06817752665334752,
    "45-49": 0.07322496731917254,
    "50-54": 0.07138871762207857,
    "55-59": 0.06951388390492845,
    "60-64": 0.061109893469717895,
    "65-69": 0.05168855708225655,
    "70-74": 0.039365094871083445,
    "75-79": 0.02599242764162919,
    "80+": 0.03405865280909986
}