{
    "folder_suffix": "_embryo_sim_params_1_older",
    "output_directory": "/scratch/cm37/tpl/embryosims/",
    "t_end": 363.0,
    "seed_exposure": 274.0,
    "initial_infections": 10,
    "TP": 2.88495,
    "ttiq": "partial",
    "contact_matrix": "contact_matrix_PREM_older.csv",
    "prob_symptoms": [
      0.29,
      0.29,
      0.21,
      0.21,
      0.27,
      0.27,
      0.33,
      0.33,
      0.4,
      0.4,
      0.49,
      0.49,
      0.63,
      0.63,
      0.69,
      0.69,
      0.69
    ],
    "age_brackets": [
      0,
      5,
      10,
      15,
      20,
      25,
      30,
      35,
      40,
      45,
      50,
      55,
      60,
      65,
      70,
      75,
      80
    ],
    "relative_infectiousness": [
      0.79915,
      0.687631,
      0.675465,
      0.756167,
      0.918134,
      0.965157,
      0.947093,
      0.932175,
      0.933528,
      0.939668,
      0.953521,
      0.981757,
      1.0,
      0.998492,
      0.989752,
      0.973762,
      0.943804
    ],
    "susceptibility": [
      0.301016,
      0.367215,
      0.432601,
      0.527461,
      0.764291,
      0.92387,
      0.982666,
      0.974271,
      0.93188,
      0.914635,
      0.928871,
      0.962179,
      1.0,
      0.972011,
      0.882005,
      0.823837,
      0.802185
    ],
    "kid_age_distribution": [
      1.0,
      1.0,
      1.0,
      0.0,
      0.0,
      0.0,
      0.0,
      0.0,
      0.0,
      0.0,
      0.0,
      0.0,
      0.0,
      0.0,
      0.0,
      0.0,
      0.0
    ],
    "adult_age_distribution": [
      0.0,
      0.0,
      0.0,
      1.0,
      1.0,
      1.0,
      1.0,
      1.0,
      1.0,
      1.0,
      1.0,
      1.0,
      1.0,
      1.0,
      1.0,
      1.0,
      1.0
    ]
  }