{
  "c50_acquisition": -0.471657741,
  "c50_transmission": 0.018459279,
  "c50_symptoms": -0.634901845,
  "c50_hospitalisation": -1.206211545,
  "c50_death": -1.183605217,
  "sd_log10_neut_titres": 0.4647092,
  "log10_mean_neut_AZ_dose_1": -1.318173846,
  "log10_mean_neut_AZ_dose_2": -0.939262177,
  "log10_mean_neut_Pfizer_dose_1": -1.030333236,
  "log10_mean_neut_Pfizer_dose_2": -0.630021802,
  "log10_mean_neut_Pfizer_dose_3": -0.336224683,
  "log10_mean_neut_infection": -0.800697314,
  "log_k": 1.707366579,
  "neut_decay": 0.008502135
}